,q_a,label
0,Fuck Justin bieber. He's a fucking fag,1
1,its also funny how u stalked my whole twitter! Nice goin! BITCH!,1
2,Hello bitch! How's ur day going? Good I hope :) it's beautiful and sunny!,1
3,Hey. Why you such a bitch?,1
4,how old are u ? And how do you know michael?,1
5,love youu sexy thang(,1
6,What was your favorite toy to play with as a child?,1
7,who decided to take a shit on your face?,1
8,Why do u follow the bandwagon? Formspring. Twitter. What's next gay Justin beiber.,1
9,lmao.. yurr reall funny skinny ass bitchh.. hm.. that isn't really much of an insult now is it? what if i was fat? lol u suck at talkn shit :] later white trash skank :] ur super ugly nd that guy u like really isnt gonna come back around for u. laterrrr,1
10,lol how cute u have friends that back u up :] doesnt matter. ur still a fake bitch :] go find a real bf. not someone out of ur league. lol ugly ass,1
11,shit talkin bitch,1
12,still a bitch :],1
13,Suck it,1
14,whyy aree youu suchh aa faggottt(:,1
15,your ugly.,1
16,I have one for your information WTF. That's MY LIFE  NOT YOURS. You best think twice before you try to steal my stuff  bitch.,1
17,Show your face Anonymous WTF?! You make no sense you fake ugly bitch,1
18,(: Stop hating on my page  kthx.,1
19,..are you? all you can say lmfaoo. well  your fake everyone knows it  no need to go on about it(: sayoonarra<3,1
20,:] im sorry  im not the one being a fake of some lady lol comeon now >.> be your damn self (: and im not fucking mental  i know what js means. i think you need to stfu and get a damn life instead of beng on here and faking some girl ; btw NICE COMEBACK!,1
21,:] you are fake though :D ? that makes no sense lolol why would you keep faking all these formsprings  your stuuupid :p we all know the real ashlee girls formspring already  soo fuck off may you?,1
22,:3 wow ashleeee your fakes amuse me lmao  okay  you are retarded to keep this page upp :],1
23,`` im very sexy `` My fucking ass. duuude that made me laugh so fucking hardd(: thank's for making my day ;D,1
24,13?r you're at the perfect age to learn how to suck dick and give hand jobs.,1
25,ahaha my mom is dead :) but thanks ugly ass bitch that NO BODY knows and has no life and has to talk shit on formspring to pretty girls that she is jelouse of :) alright bitch.,1
26,and you called me fat why?,1
27,are you fake?,1
28,are you mental? she made a proof video! you cant lie,1
29,baha  actually  im going to go on now :) BITCH ARE YOU FUCKING STUPID? >.> the REAL ashlee has a proof video  your dumb  your probably just some old man behind a computer screen<3 go fuck yourself<3,1
30,BETTY IS LIKE ADORABLE. YOU LOOK LIKE A CRACK HEADS SHIT IN A TOILET MY DEAR,1
31,BITCH STFU AT LEAST I RECOGNIZE MYSELF NOT LYK U,1
32,but your fake!!,1
33,do i even know you ? and why the fuck are you leaving shit on my wall. seriously?get a life.,1
34,Does it make you mad you have tonsssss of hate groups on myspace?,1
35,'Don't call her a bad vv',0
36,DUDE  ARE YOU SERIOUS YOUR SO STUPIDDDD >.> STFU!:) and btw  if your tired of people talking shit on your form spring  delete this accountt >.> and be yourself  are you that bad?,1
37,dude it seems like everyone hates you. you should just delete all your socialing sites. (:,1
38,Everyone Look  This Girl Was Using Missy Lockes Pictures And I Told Her She Was Fake  Then She Was Like Im Not Fake  Then She Took Bettys Pictures. SHES DUMB! http://www.formspring.me/LMT23,1
39,ew you're gross. ugly. BITCH,1
40,Faaaaake. :D,1
41,fake fake fake fake fake fake fake fake fake fake fake fake fake fake fake fake fake fake fake fake fake fake fake fake fake fake fake fake fake fake fake fake fake fake fake fake fake fake fake fake fake fake fake fake fake fake fake fake fake fake fake,1
42,fake!,1
43,Fake.,1
44,get a life you twisted bitch!,1
45,GO TO HELL xD,1
46,Grosss! Your face is nasty,1
47,Grosss! Your face is nasty,1
48,guess what you should do? GET A LIFE. I don't even know you so why would you even start shit with me?! Seriously  you must be a bit messed up in the head. Pathetic.,1
49,haha lifeless cunt stop writing on my wall you shit faced slut,1
50,heey. how many other formsprings do u have? like 50? damn. get a life.,1
51,hey everyone  this is the girl that fakes ta,1
52,hey why dont you go kill yourself alot of ppl would be really happy :),1
53,heyyy  your an ugly fucking bitch  you think your sexy? haha  you ain't shit besides an ugly bitch.  beware of what? ill fucking put your shit on blast. fucking stupid ass cunt. fuck off   stop hatein on peoples pages before i go off on your ugly ass.,1
54,hi asslee asshole :D,1
55,Hi you smelly rotten poo. You smell like pigs vomit! Did you just go to the toilet? I wondered what that smell was  you missed the toilet and it fell on your ugly clothes  are you poor? You stink like hamster poo. I'd love to ram a metal pole up your ass.,1
56,i dont know you  but you seem like a bitch,1
57,i hope your asswhole gets sniffed by aids,1
58,i like how everyone writes you just to insult you. seriously  all your questions are dissing you! HAHAH.,1
59,i never said that i'm 16 or that i'm sexy. dumbasssssss,1
60,i swear to fucking god bitch. i hate you so much. you think you can add people and just talk shit on there pages? haha  naaa. yuuu must got us fucked up. im going to hunt your ass down and beat the shit out of youu with my own to hands. kbitchhhh?,1
61,I'm not a creepy stalker. Just everyone fucking hates you so everyone knows what you fucking do. You remind me of Harmony Flashpink but uglier and alittle more pathetic. Everyone knows you fake yourself and other girls  and you want attention. Dumbfuck.,1
62,i'm not fake (:r sorry.,1
63,If Your Going To Be Rude  Give Smart Ass Answers; We Will Unfollow You. :],1
64,im a big fan of betty and u is ugler than her so fuck up bitch u ugly shit head,1
65,Learn how to spell? Learn how to tell apart a typo from a spelling error.   And learn how to be a proper fake.,1
66,LMFAO  you're fucking creepy  must have no friends nor life  if you have to create muliple formsprings of yourself  saying theyre fakes. Quit thinking everyone wants to be you   they copy you. No one would fake you. I'm sorry your such a pathetic poser.,1
67,no body likes yuuuuuuu!,1
68,No honestly your really immature :),1
69,Nope. I actually have a life. *COUGHCOUGH* unlike you  the lonely pathetic ugly lowlife man/woman who's life events are: staying on formspring creating fakes and starting shit. Seriously  I'm not the bitch  you are. END OF STORY. KCOOLBYE.,1
70,obese,1
71,oh god not you again.,1
72,ohh look the girl who fakes herself....,1
73,Ok bitch.. wanna get started on me ?.. Ok one faggot is an over used term that people try to use on me to get me to feel bad.. two.your nothing but alowlife bitch who gets the kicks out of starting shit with people don't comestarting shit on my formspring,1
74,Okae then bitch you dont got any quick comebacks now do you you fucking FAKE!!!/,1
75,SLUT LEAVE BETTY ALONE CUNT FACE,1
76,stay off of my formspring? I don't even know who you are..,1
77,STFU YOU HOE. you piece of shiit.,1
78,stop annoying betty btw. you're  a really sad little girl/boy . You think ur all grown up now using big words . stupid child  living a fake life behind a damn keyboard and a screen. how more pathetic can you be ?,1
79,stop leaving stuff like fake on your own formsrping. dead give away dumbass. SUCK A CUNT,1
80,Stop making fakes of yourself. You are ugly as fuck. You're not actually 16 bitch. And you're deff not a cyrus. Get a mother fucking life  cunt.,1
81,sure  but you must spamr http://www.formspring.me/ddox3r r http://www.formspring.me/juliex2r or we wont continue spamming your (:,1
82,u know u care that betty is way better looking than u,1
83,Ugly piece of shit,1
84,ugly.,1
85,Uhm you did  right down there vvvvvvv. You're the 'dumbfuck'.  Stop starting shit with everyone  kcoolbye.,1
86,Ur face is nasty,1
87,what am i going to do? hahaha  what am i going to do? haha  what im going to do is get some bitchess to kick the living shit out of your ugly fake wanna be bitch made ass.,1
88,who the fuck are you even?,1
89,why are you still alive?,1
90,why are you stupid,1
91,Why did you fake yourself? That's lameeee you know there is like a lot of hate groups on myspace of you?,1
92,why not? and all you have to say is nope. oh and leave people alone(: delete this you fucking fake :),1
93,wow you're a fucking fake. if you're tired of everyone talking shit on you formspring  either stop talking shit to them first  or delete the damn thing. gosh  you're fucking retarded. I forgot how stupid people are these days  and that would be you.,1
94,Wow you're fucking stupid. You told a girl whoo had her info showing Show your face anonymus and your comebacks fucking suck. Fighting over the Internet is like being in the special olympics  even when you win  you're still retarded.,1
95,y do u have a big nose seriously no girl have a big nose ?,1
96,you are nasty. (:,1
97,you are stupid and ugly.,1
98,YOU DONT EVEN FUCKING HAVE FAKES STOP THE FUCKING BULLSHIT AND GET A LIFE JEZUSS. HOW OLD ARE YOU KID? LIFELESS BITCH YOU NEED HELP.,1
99,YOU SHOULD DIE,1
100,you should listen to the song big weenie by eminem (: it describes you SO much!!!!! everyone feels this way towards you xD,1
101,You suck =],1
102,you sure as hell look like a dog.  don't fucking call me 'hun'.  got it.,1
103,you're fucking pathetic,1
104,you're one of the ugliest bitches I've ever fucking seen,1
105,You're really rude. What the heck is your problem?,1
106,you're the bitch :) fuck off.,1
107,your a fake. your a fake for calling the REAL hailey fake on her formspring. what a lame bitch :),1
108,your a fuckin ugly bitch you look like a man in the face :),1
109,your background stupid tooo,1
110,your come backs are fucking horrible you dumb bitch. wtf  are you like fucking five? you're like. 'i know you are but what am i?' yeahhhh. no. bitch get a fucking life.,1
111,Your comebacks suck balls,1
112,Your comebacks suck balls,1
113,Your face is nastyy,1
114,your fucking ugly.,1
115,your mad ugly. true talk.,1
116,your not FUCKING pretty  stop hating on grace and all these pretty girls  your just jealous. omg,1
117,Your probably the one faking KAI! HUH! FUCKING BITCH!,1
118,Your so fucking immature I'm sorry you have no friends so you have to be rude to everyone,1
119,your thing says your very sexy.. lololol hah ! LIES ! ! :),1
120,your ugly as fuuuuck ( : betty is 10000% prettier than youuu  so stopp being a bitchhh.,1
121,your ugly,1
122,YOURE UGLY (:,1
123,andrew once again stop talking to MY friends. nobody likes you. you think your hot shit and thats whats annoying. bye failed rapist :),1
124,ASSHOLE,1
125,Aw see even nico does nott want too go near you. I like that you try and typeall ghetto. YOU dont fucking scare me you bitch. Ill fucking kill you if we faught. You'd probably bring your ghetto friends Bahahaha. Who would that be? Bella and kendall? Pff,1
126,Aww you'll have some beat my ass? Your not badass enough to do it yourself? Exactly what imeant by pussssssyss<33333,1
127, Vaginaaaaaaaaa???,1
128, Not really  why don't we just have sex? :D hahahaha,1
129,Dont squirm motha fucka! its just a syringe. in my spare time i skin these NIGGERS and hit up the nigga nico to binge! Aha what up nigga zure!,1
130,dudde ima fuuck you til you bleed:),1
131,dude you are such a fucken fagget ahahaha,1
132,EW FUCKKK NO SHES UGLY AS FUUUCCKKK.,1
133,ew i wuld never be jelous of ur life. coke yup thats a drug to but u still seem to handle with it a lot. no one gives a flying fuck about ur life and leave andrew the fuck alone bc u only hate him for the firey cunt,1
134,ew VVVVVVV,1
135,exactly. ur not hard get the fuck over urself,1
136,Frances seriously stop trying to make people feel bad for you  ugly bitch.,1
137,fuck no im not jealous of the ugly ass freak.,1
138,haaha cutee. yourr callingg mee ahh pussy when your bitchass wont leave a name right? you wanna get down  im telling you im down. one on one. letss goo ( : FAKE BITCH'<333,1
139,haha i knew youu would [: andd umm this kids a creep  worse than you! bahahaha VV  woww yourr retarded  lol [[;0,1
140,haha keep saying shit ill kill you,1
141,I DO know you on a personal level. Bitch.,1
142,I DO SUPPORT YOU I JUST WISH YOUD BE DATING SOMEONE ACTUALLY CUTE.. NOT JUST DATING HER FOR HER BIG ASS.,1
143,i dont givafuck. ur friendless  previously stated in one of my other comments. except for firey  bitch,1
144,i guarantee you guys wont be going out by the end of summer..,1
145,i hate ur fucking guts. u  lindsey? grossest thing ive ever seen,1
146,I have my shit straight  she wears like the same T-shirts.. her little pink and white stripped shirt or the plaid blue and red or pink shirt or whatever  and maybe some random ones.. with jeans or shorts and vans. OWNED.,1
147,i hope you know i hate you. frances is one of my best friends! ass hole!,1
148,ill fight you bitch,1
149,im not Jewish im catholic so suck a dick,1
150,im not the one who said sext me but i was the one joking about the inappropriate messages. who do you think i am? :),1
151,lets see it then ? ( :  i was born in th ghetto si wtfuhh you know bout tht cuhh? ahaha not a damn thing! get on my level trickk. show a name  catchh ahh fade lil homiee.  no you know what dont stay away from me  come find me bxtch ;D<33,1
152,Lindseys one of the coolest chicks at poly so stop hating.  Shes more mature than you'll ever be. I've seen her fight  i dare you to fight her.,1
153,no it's too fun,1
154,No you wont.,1
155,no. I hate taylor she used to b firey until she dyed her hair,1
156,not telling. you will have to just find out on your own. it probably won't be too hard though.,1
157,oh frances hunny dont try and talk all ghetto your white ass doesnt fucking scare me  i will break you in fucking half.,1
158, You're very annoying,1
159,PLAYER !,1
160,r u gay,1
161,say it to my face trick ass nigga i will fxckin murder you i aint tryna make no body feel bad so you can hush that you got something to say then please  step up  show a namee fuckinn bitch. whuss up?!,1
162,too late  i hate you,1
163, hehe i know  people are stupid like you ...and i knew it was you ;))),1
164,WHATEVER. Im gunna leave before you guys cry  get yourselves hurt  i mean your begging me to leave  bye pussys!!!!!!!!!!!!!,1
165,WHORE!,1
166,yeah go ahead and play victim  i do know you nico. thats how i know your a player.,1
167,You and frances gross me out  nastiest couple ive ever freakin seen. Your way out of her league like no joke.,1
168,your a fagggggg,1
169,your my bitch and ill kill you nigga,1
170,your so gay haha,1
171,your still gay and a bitch haha,1
172,Your the one talkin shit back.. fuckstick? i mean seriously how 5th grade can you get?,1
173, i killed a man.,1
174,Adolf Hitler was a one testicled vegetarian. What did you do with his other testicle?,1
175,After how many kids would you get your tubes tied/// guys:  A vasectomy? (random),1
176,Are you afraid of clowns?,1
177,Are you an ass? I am  idgaf :D r,1
178,choose: be cross-eyed person or be a cripple?,1
179,Do you fall for Internet advertisements?:,1
180,Do you know what dog treats taste like?,1
181, Yes Sure. Why would you spam that? do you not have a bf?,1
182,Fucken guys flirt with every bitch on here lol girls too,1
183,Have you had unprotected sex? (too much? delete it) I have :),1
184,How many pairs of underwear do you own?:,1
185,I CAN BE YOUR SEX SEX TOY I I CAN BE YOUR SEX SEX TOY  I CAN BE YOUR MALLIBU BARBIE  I CAN PLAY PLAY FOR YOU BABY WHEN YOU GET LONELY  I SAID I CAN BE YOUR HANNAH MONTANA I CAN MAKE YOU MOVE IN WAYS YOU CANT IMAGINE.,1
186,If you could punch one celebrity without any repercussions who would it be?,1
187,If you found out someone was somehow pregnant by you(for men) or you were somehow pregnant(for women)  how would you react?,1
188,Im in _______ bitch!!! (your city lol),1
189,Is it cool to be dumb these days? If so I don't like the trend.,1
190,kaydoll is bettaa than rhubinathy cuss she will suck my dick and the othe fat hoe wont and i luv it my sluts,1
191,Please stop harassing me on my formspring :(,1
192,r Do you think their parents know they are stalkers?,1
193,SMILE4MEXXX IS TRAILER TRASH. A RACIST FAT COW. A BIMBO FUCKING SLUT. AND WORTHLESS AS HELL. ALL SHE'S GOOD FOR IS SOMEONE USING HE BODY FOR SEX AND DUMPING HER ON THE STREET WHEN THEY'RE DONE USING HER ;),1
194,Stop asking yourself questions,1
195,what accent bothers you?,1
196,What do you think about your parents who smoke pot around their children?,1
197, you have ur nipples pierced. ha,1
198,What is the most needed feeling if life?,1
199,what's the worst thing that a friend did to you?,1
200,when do your boobies make a public appearance?,1
201,Who are the 3 most overrated musicians?,1
202,whose betaa www.formspring.me/KayDollBitchh or www.formspring.me/rubinathy15,1
203,Why doy ou think we are greedy? Is this by nature? Or do we learn it?,1
204,whyy dose rubinathy15 ask stoopid questions? erase the dum betch,1
205, tell him you wanna get sex with him ;),1
206,Lmao You So Dumb! One Tv SHOW and You Said a Whole TV CHANNEL... Lol. Anywho  How Are YOU Mr. Ching? :-)<br>,1
207,809 9501 <----Alexis's Phone Number   Ima post It On Myspace!,1
208, Well   I guess I love youu too whore(:,1
209,Are you a lesbian?,1
210,Are you ahh virqin pussy?,1
211,ayee that tootsyy girl iss fuckkin F A K E,1
212,Baby you got some awesome titties!,1
213,Bitchezz beloww me I would say ur name but yeww put it on anonymus pussy ass bitchez talkin shit on Alexis she ckan show Herr  fuken boobs if she wants don't be jealous cuz yeww prolly don't gawt any it's ok tho and bitch wen she sayz write to her she,1
214,Bitchh really yur saying shez fat now bitch yur probly the fat lonely ass flat chested bitch who ckant get none so stop hating AND PLEASE BITCH TAKE YUR SHIT OFF ANONYMUS DUMM ASS BITCH !!!!!!,1
215,Bitchhezzz damm wat the fuk is yur problemm??!! Ferr real yeww guyz need to take it the fuk off anonymus and tell us who the fuk yeww are and wen and where yeww Wana qet down I lovee yew Alexis <33 yur nawt a bitch fuk them:)) aha pussiez -marissa,1
216,BJ or HJ?,1
217,BOOBiES!!!!!!!!!!!!!!!!!!!!! i lahh uu2665 fuck bitches get money!(: lolzz member?,1
218,Damn Baby - you are HOT!  What a pretty face and a great set!,1
219,dayumm stupid fuckin cunts stop talking your shit get a fuckin life go suck your moms dick and chock on it dayumm lil pussys take it of anonamis or watever -stephanie iloveyou alexis :),1
220,Did u now tht ur ugli,1
221,Do u wnt 2 suk my dick?,1
222,Dumb bitch! Fuchkkk you and your stupid friends! Your all pussies! None of you can handle on your own! You always need your friends to get in everything!,1
223,fuck you lickers! GO CELETICS,1
224,FUk you yall betches!!,1
225,go 2 hell,1
226,Hahaha i made you cry in 6th today.!!(: ohh yesss cause my boobs are just soo BIG.!ha i wish....andd VVV im guessin shes a C 34..am i right.?(: ahha,1
227,Hey bitch boobs don't count when the only reason you have them is because your FAT!!!,1
228,Hey bitch don't get mad at people who write on here cause YOU ask people to write to you.,1
229,I hope yhu dnt thinkkk yhur prety casue yhur not!,1
230,i lovee youu alexiss<33r and i hate dominic(:,1
231,im gnna fxk u up!!!!!! ur a dum hoe,1
232,Kikk her ass?? VVV haha wtf try her bitch i dare yuh!!!! ily alexis,1
233,Liar you don't have a bf! VVV,1
234,Meanzz to ask her questions and stuff nawt talk shit on anonymus pussy ass bitchez watever tho yew guyz don't mean shitt to her and don't affect her so be a bitch to Someone who cares pussy ass fuken ugly bitchez fukk youu!!!!! Love alwyz marissa <3 ily a,1
235,member do you have a big penis xD lmaoo,1
236,my momss a BITCH.! shee fuckin blockedd my texting.! aha ohh i mightt hang out wiff Davidd memberr himm.?<3(:,1
237,Oh ISSS THAT FAGGOT ISAYAH GOIN TO BEE DER???,1
238,Pussy,1
239,Remember that gurl u fight last year?,1
240,SARAH STANFORD TAKES IT UP THE BUTTHOLE.,1
241,the fukk?,1
242,Tootsy is eww,1
243,Ur short :) bt ur a cutey,1
244,VVV so you have nutts? i dont think so. hahaha,1
245,Why r u such a bitchh??? I hate u I'm gonna kick ur ass whore!!,1
246,Would you ever cheat on Chris?,1
247,YHUUU READY TO GET YHUR A$$ BEat THIS SATuRDAYY?!?!?!?!?!??!?!?!?!?!?!!?!??!?!?!?!?!?!!?!?!?!?!?!??!?!?!!!??!?!????!?!?!?!?!?!!??!!??!!??!?!?!!?!??!?!?!?!?!?!???!?!?!?!??!?!?!?,1
248,YOUR NOT FAT ALEXIS!! SHe'S THE FAT ASS lOW LiFE BITCH!!!,1
249,Your to young what love is bitch so do you use it!!! Dumb whore put your boobs away!!!,1
250,Your ugly x)!,1
251,! w@n+ y0 b!q d!(k $uRf@(!n m@ l!pSz$,1
252,!m @ q!rl d03 ! $0 ju$+ cum @n l!(k m@ cum n m@ pu$$zzy,1
253,!m@ b3 pu++!n d!$ pu$$zzy 0n y@ $!d3 burn$ !n @ $3c0nd. @l$0 ! D0 d@ b3$+ d33p thr0@+ !n d@ vv0rld. ! C@n $h0v3 13 !nch3$ d0wn m@ +hr0@+ @+ 0nc3. ! @!n+ ly!nq,1
254,Awwhhhaa *my 0rq@$m*,1
255,aye dhis daddy pelt,1
256,B!+(h !M@ B3 PUMP!N D!S$Z D!(k !N Y0 3@R S0 H@RD DAM BRUH I BUST3D A L0@D 0F CUM !N MA M0MMASZ HA!R SH3 MO!STURIZIN IT DO3. I P!CTURE Y0 VA@GIN@ T0 BE3 ALL H@!RY N $$H!ZZZZ W@!T T!L ! MUNCH ON DAT N@PPY BROWN H@!RY H@!T!@N PUZZIE,1
257,bitch i can rap beta den yo ugly ass,1
258, suk my dik pussy,1
259,fuck you bithc,1
260,damn whyy all dhese girlss askinqq bout ur dickk.?,1
261,did alix suk yu up,1
262,Does hoes nasstty,1
263,DUUUU YUUUUU SHAVE Y0 D!(K,1
264,fUck ur mom pussy,1
265,fuck hard fuck you cunt,1
266, i heard u suck people dick,1
267,I LUHH DHAT PIC NEGRO ITSZS SEXY LEMM3 SUCK Y0 D!K????,1
268,i see yo dick n it look tasty,1
269,I WANT DAT DICK,1
270,i wNna suck ur dick so hard,1
271,i wunt y0 cUm surfacing dh@ rimsz of ma lipszzz,1
272,i wunt y0 di!ckk .,1
273,I WUNT YO CUM ON MY LIPSZ.,1
274,IMA BITE DA TIP OF YO DICK OFFF N SPLATTER IT INTO ITTY BITTY PIECES,1
275,is u gay,1
276,iz it tru dat yu wuz shakin y0 meat to da hannah montana show,1
277,iz yyo cum realie gray????,1
278,KUM ON DEN WIT DAT BIG DICK,1
279,lmfao shxt dhatss whyy dheyy anonymouss ckuss dhem hoess nastyy n i saiid dnt get hurt ckuss yew bee gettinqq slickk n dnt bee fuckinqq wit mhe,1
280,lolss brah im tired of these girls writeing me like foreal man control yo groupiess,1
281,lolss slickk mouthh aihh,1
282,lolss so watss up witchaa yew,1
283,lolss yew stolee dhat sxht frm mheyew on sum otha shxt dressedd in all blackk lolss wow,1
284,fuck u DOWNNNN!!!,1
285,mikey wassup my niggah ! ???,1
286,lets have a group sex,1
287,you are a sexy bitch,1
288,you r a dirty bitch,1
289,your mother is a whore,1
290,NIGGGAH ISZ u CIRCUMSIZED,1
291,OMMMMF suck your  dick,1
292,so do yew havee a myspacee,1
293,U hot pussy,1
294,uhmm bestie... y dnt u evr get da braces?? ya teeth are fucked up???,1
295,wake up small pussy,1
296,lets fuck hard,1
297,Wood you smash nd fuck tevon ???,1
298, y Not she a gurl rite nd she got a pussy !!! lol hehe,1
299, ya damn rite she gota have ass n be kute ya feel my dick,1
300,y when you suckd my dog up you was chokin and shit?,1
301,y0 lip bitin pic uqlie azz fuck!! n ya dick small alix told me!! nigga yew juzz ugly!!,1
302,y0 sk!n iSZ d@ col0R oF mah P00P,1
303,Y3@@@ NIGG@ YUHH LUUK GAY,1
304,YEW EVA CUNSIDERED SMASHIN A WHIT3 GURL WIT NICE NIPPLES?????????,1
305,yo mikeey why did you and zurii break up,1
306,YO VAGINA FLAPPY,1
307,yu a dam lyee mikey yu kno ya mom fuck your dad behh tearn ya asz up.,1
308,Yuh a cocky boy? I lyk dhat,1
309,YUH FUCKIN Sexy ass LIP BITIN NIGGA,1
310,Yuh styll feelinme,1
311,yuu kno yuu so lame? ndd yuu caint tlkk to that muchh qurls hav yuu seen yurselff hahahahahah noooo,1
312,does the guy u are with at lunch and u talk to does he have a gf =),1
313,FUCK YOU YOU SON ,1
314,hello mr gay fuck,1
315,I wanna fuck you.,1
316,Josh!!!! you are a desparate little guy,1
317,lol ok now ur just straight up lying. faggot.,1
318,ok this is tatum krista's friend this is her profile thing and i wanted to go on hers cuz she told me she had ?s on herer she didnt answer cuz there stupid and i wanted t oread them so i did but she told me about you and she is not obsesed with you,1
319,see i told u tht u r a playa. stop playing girls u cunt..,1
320,she is not OBSESSED with you like pussy,1
321, Peace u bitch!,1
322,This is not fucking simple she is really whore dont date her,1
323,thx 4 not talking to me anymore fuck u bitch,1
324,who tha fuck is he ; he has a small dick,1
325, I don't ve always liked you pussy sooo get outta my bisnatch!!!,1
326,wow ur girl dani has a lot of guys on her top...but i'm sure u have nothing to worry about. (;0,1
327,ya i know cuz i am letting you know who this is. r my name is Tatum Not kris u asshole hoe,1
328,YOU ARE MEAN,1
329,.. STFU TABI ... you may not be fake .... but your a bitch annd need to go back to Idaho .. HOEEE ... orr just go to W'ford.. your better off ther anyways (: .. you have like 1 maybe 2 friends in brock  soooo leave,1
330,...If you want to go back to Idaho so bad why dont you??? ... Texas doesnt want you here anymore than you want to be soo .. just leave!!!,1
331, then she is a fake  give me her link.,1
332,Any chance if I have a shot with you? I LOVE girls drugs and sex!  So tell Justin boy to fuck off? Pryce,1
333,are  you a vergin,1
334,are you bulimic pussy?,1
335,are you fake?,1
336,Ballfuck  she's real. Get over it. ride my dick vv,1
337,Ballfuck  she's real. Get over it. ride my dick vv,1
338,Besides  the chick who's starting shit won't back it up and isn't even saying who SHE is. she is a fake,1
339,u C cup or B cup,1
340,damn go jack off watching a monkey fuck DAMN,1
341,dearest babydoll  vv Stop trying to start shit  grow the fuck up. I mean really? Is this what you do for a living is ask people if they're fake  ruin peoples lives? Grow some balls  grow up   stop starting stuff(:,1
342,Do you honestly think I would leave a comment on your formspring telling you to be nice to me? I don't know who that was. PS I stuck up for you when that girl was being mean  so I'm pretty sure I have been niceee,1
343,Do you lick dick?,1
344,Do you want me to rain on their parade? Sure hate ignorant Texans who believe that being from Texas gives them the right to act like low level scum suckers. The need to live in the real world and pull their head out of that dark place they have it shoved. fuck pussy like u,1
345,eat a dick you complain about texas all day shove it it! you just got told your suck a dick! so eat one,1
346,Ever been called a whore?,1
347,fake doesn't mean you look pretty?,1
348,Fakeeeeee????,1
349,Fakeeeeee????,1
350,Girls just wanna be you Tabi since they're using your pictures. You're obviously hot (; SHE'S REAL DUMB FUCKS.,1
351,Hah wow if your so sweet and innocent why are you always like stfu and wtf. I don't buy that I'm standing up for myself shit you can stand up without being a bitch. If you don't like what people say don't post unless your just looking for attention. Damn.,1
352,Hahaha ohmyGod you are an actual jerk,1
353, haha they are to small minded whore >:D,1
354,Here's an idea  how about stop trying o get hook up with Tabitha and actually find someone who can suck you 3 inches dick  hahaha doubt that will ever happen. No girl likes a pevert and a douche(:,1
355, Hey  stupid people! See everyone here who knows Tabi in real life? Yeah  if you're that retarded to still call her fake then you should not be operating a computer. Just saying. fuck out of here. eat your mom  pussy,1
356,Hey i love daydrien too :D no homo,1
357,HEY!!TABILO! I JUST READ YOUR BIO AND I LAUGHED OUT LOUD!!I LOVE YOU   QUESTION:WHAT IS YOUR FAV.SONG/MOVIE/BOOK?I DID THE QUESTIONS IN BULK TO SAVE TIME!!!!O AND GUESS WHO IT IS !!,0
358, you Hoe,1
359,How's having like no friend's ? u ashole,1
360,I don't fucking like  Tabitha! I don't like girls who lead on pussy like you!,1
361,I fucking hope you move you bitch!!!!,1
362,i have been the one who has been calling you a hoe and shit cuz bitch justin has a fucking girl friend so back the fuck off and quit throwing your self at him. you r a whore.,1
363,i love how u have no life :):):):) <3 hahaahahahaaha. actuallyyy  you have no life for sayin that. i love my life.  i seriously laughed when i read this^^ you dont have a life  bcause no one likes you :) dumb bitch  get it striaght in your headu2665,1
364,i love how u toold maddi to delete this monster  when u havnt even deleted your monster. yaa  biiittch.,1
365,i thiink its pretty funny that your like  stfu when  you wasted your time writing that? how about you stfu and stop wasting your time replying tabi.,1
366,if i saw you without clothes i would baite as in master,1
367,If your gonna call someone fake .. at least speel it right ...stupid  geez ... ily Tabiaah!!,1
368,jack needs to grow a ball,1
369,Leave Tabi alone  I know for a FACT she hasn't done anything to you. Pretty sure it's pathetic you're saying this shit anomalously because you don't have the balls to say it to her face. Who's fake now? Grow a pair and shut the hell up. We don't CARE. you fake bitch,1
370,Leave Texas bitch!! No one here wants you!! Quit hating on Texas and Brock  we were perfectly fine without you BITCH! ... sooo LEAVE!,1
371,No no no(: u are dick to people (; jk,1
372,quit fishing for compliment and saying your ugly  it's so annoying,1
373,Really? Because i know many people who dont like you. Most of them claim to be your friend. Sooooo  stfu :),1
374,Screw the people who are dicks to you. :D,1
375,Stop Calling Tabi Fake Obviously Your The Fake Bitch That Don't Have A Life I Don't Know Tabi But She Seems Like A Nice Person.,1
376,Tabi isn't fake in anyways  so go suck a fat one. SERIOUSLY. I will beat your ass. I love you Tabi<3 ((:,1
377,Tabitha  ISNT a fake,0
378,tabither youd be good at this,0
379,They're called you  skinny jeans.,1
380,this is a place for QUESTIONS  try asking some. but really.,0
381,To the question below  when you said: im not fat? Arent you suppose to say I'm not fat  PERIOD? Cause if you put a question mark your saying your fat. DUMMY fuck.,1
382,Ur facebook is a fake  cos I saw 5 other facebook with the same but diff last name and same pics and 1 has proof,1
383,ur not that pretty... and u think that ur the prettiest girl..wow its stupid..,1
384,Uuhh did you really add a random guy you don't know and now you talk to him all the time? That's a little desprate/ creepy of u fake,1
385,Vvv You Have No Life Haha ,1
386,Wait. Are you Cheyenne? I sent a request to you? Wait  why is your name Tabitha?? R u fake????,1
387,Wait. R u fake????,1
388,were you honest when you said i could never leave your bed?,1
389,whatever your a fake  and have nothing good to do with your life.,1
390,whats wrong chicken little pussy?,1
391,when they mean fake  they mean your attitude is fake and your personality  not if shes dead or alive..um just saying ppl.,1
392,Who is a weirdo now. its you who spells time wrong haha. u fool,1
393,Why are you stealing pics from Cheyenne?  She has videos.,1
394,why do you always feel the need to tell the whole world how people hit on you all the time. if their creepy its not much of a bragging right just kinda conceited sounding. just saying. grow inteligent u foorl. hv a life,1
395,would you let jake do you sideways,1
396,Yo dumbsta baby  shut up or imma rip out yo weave you tranny! lmao this is jo  and i love you.,1
397,you are terribly rude to everyone  i am sick of it. you abuse every good thing that happens to you and destroy it with hate and fake smiles. By the way be careful who you trust. dead or alive. just a heads up from someone who still cares.,1
398,You didn't get a brain that day either. They were only handing them out to people who would use them.,1
399,you guys SHES NOT FAKE! got it? good. when she still went to my school she was out there with the fact shes a hoe. im glad shes staying in texas they can have her,1
400,Your bio is quite interesting  it says  booo you whore. Are you talking about yourself? I am very confused.,1
401,Your face is such a mess  why don't you get your dog something different to chew on?,1
402,Your obsessed about how you look.,1
403,your so fake  go suck a VAG!,1
404,your so hot you give me woooddddddddddddddddddddddddddd,1
405,your so stupid  you say your not pretty to people so they can be like oh your so pretty blah-blah-blah!! so can you stop?? i mean i totally agree with you  your ugly as shit  no worse than ugly as shit  so go die.,1
406,your the ugliest person i know,1
407,zip it dumpster baby? can you get anymore lesbian?,1
408,Are you having a great Xmas. how is ur pussy. red? :D:D:D:D,1
409, u got herpes,1
410,i bet you are a .............................NEMO........................STAR.............................SHIT >>..................................COW FAGGET lol,1
411,Need advice? Well then Ask That Chick. she is a whore,1
412,r u retarded ? :P jking,1
413,YO MOM CHEST HAIRS love @TaylorStack :),1
414,dont u worry im not blackmailing you lol. i would never tell anyone no matter what lol only i know the answer lol,0
415,If people with one arm go to get their nails done  do they pay half price?,0
416,If you mated a bull dog and a shit u  would it be called a bullshit?,1
417,fuck u bitch,1
418,Why do they call him Donkey Kong? he is a asshole though,1
419,Your lying to yourself if you think changing ur appearance and getting tattoos will make people not recognize how ugly you are on the inside. enough said,1
420,are you a hoe fa sho?,1
421,cool  when can you sneak out? and how long can we fuck,1
422,Do you like sex?,1
423,how many times have you been fucked?,1
424,im a guy why cant we just fuck and get it over with girl?:],1
425,No. Stop fucking lying. You used to smoke. We ARE NOT STTUPPPIDDDDDDD!! I myself have smoked with yuu before.,1
426,oh get over yourself. i dont look everyday  it sends me an email every time you answer.,0
427,so i know you dont smoke anymore nd stuff but like i have this really good shit and when we used to smoke together it was way fun cuz ur even morrre fun when ur high. soo please? just a couple bowls??,1
428,that wasnt me. why would i say i love you?,1
429,Ur gunna get jumped. U stupid bitch.,1
430,Well if you don't want people to be judging or asking  then why set it as your backround picture?? u fake,1
431,What was the worst concert you went to?,0
432,where do you live?,0
433,where in Billings and can you sneak out sometime? lest fuck,1
434,Who asked how many times you have been fucked?????????,1
435,who did you last go out with for fuck? cameren loomen?,1
436,why are you such a bitch/whore cunt?r i hate ur guts,1
437,why cant we just fuck and get it over with girl?:],1
438,im better than you :),1
439,Pshhhhhh you dont know shit about MW2...Get on my level then maybe we'll talk. grow brain. Hahahaha,1
440,old enough doesnt answer my question...lol  how old are u?,0
441,do you eat ass keep it a buck,1
442,don't call yourself shady. that's my nickname BITCH;DxP,1
443,dont talk to rubinathy15 she is stupid,1
444,fagg,1
445,go away u mad corny,1
446,i hate u jade,1
447,YELL AT THIS NIGGUH AND PASS THE LINK ON. let fuck her toether,1
448,i don't listen to the radio  i just surf thru random channels and i'll hear the song on tv or something.,0
449,I wubbbbb you(:,0
450,Im a gay haha. u fag,1
451,lemme fuck  ur pussy  babyy<3,1
452,omg have you seen the pictures of u on. u look horny bitch lol,1
453,r u gay?,1
454,REALLY? YU MUST B NEW  pussy for fuck ,1
455, ur Softyass LMAOO,1
456,whens the last time you jacked off u shit?,1
457,wuhhddup wit ur wannna be gangbangin white boy look hahaha straight up lame!!!,1
458,your top 5 ugliest people ive ever seen,1
459,austins new gf is ugly as fuxkkk! lolz he did a downgrade honey! ur better :Pg,1
460,austins new girllfriend is not uglly   she is way way better than your nasty asss willll ever be. Ha evven youur so callled bestfriend katellyn aggress that kristens pretty tighht.,1
461,brittany is from MAYODAN abbie aint from ellisboro  either.dumbass....and the lst 2 aintchur girls they dont evn lik u.,1
462,damnn jordan youh got some HATERSS.! step on nem bitchess.! aha i love youhh <3 fuck the bulshiit and the dirtyy slutts it came outt of. lets fuck them toether!!,1
463,Does Austin have a big or small dick,1
464,Excuse me  but whoever the fuck that is under me can shut their fucking mouth  you don't tell someone to go kill themselves motherfucker you go kill your self  seeing as you have nothing better to do then lurk her formspring.,1
465,haha ewie your ugly nasty ass bitch!,1
466,How many times did you and that douche have sex,1
467,i love me some jordann  fuck those shittalkers (:,1
468,idk why you let austin take ur v  i mean he's fucked a million other bitches hahahhah it aint lik it ment anything to him,1
469,jordan leigh baby girl no matter what happens in life you are always and forever my best friend <3 3 you mean the world to me FUCK OTHER SHADY BITCHES (: im always gonna be here <3 i love you so much jordankinpoonanners <3,1
470,let's jump them..,1
471,that stupid bitch amber that went to our school tries to act like she ran our fucking school! we should put that bitchx back in her fucking place!,1
472,Uhmm  the commment up unnder me saays so   maybbbe you shoullld believe me abbout katelynnnnnnnnnnnn. she was a whore :p,1
473,we can sit up on nem hills or we can sit up on nem bricks!,0
474,your mom  boobies are my passion!,1
475,)u fucking haterssssss,1
476,2 weeks? WOW i totally change my mind!! thats like sooooo long! im sorry i ever said anything,0
477,actually i dont have a fromspring account and yea i'll say my name im never going to see your little pathetic self again. daniela happy?! are you going to stop looking like a hoe?,1
478,all u haterz need to stop hateing and suck a dick cause none of u know laura ur just hateing cause u jealous or u really wanna be like her maybe u haters sould get to know her shes a way better person then all you low lifes ;p,1
479,are you a virgin???,1
480,because you're stupid.,1
481,bitch get one thing straight toney well never go out ur pretty but ur such a bitch on the inside sorry but i dont like you no one does the only reson people are nice to u is cause of ur sister so stop thinking ur hot shit and be urself,1
482,bro are you kidding me??? fuck her,1
483,DAMN GIRL COVER UP UR DAMN ASS BOOBIES!!,1
484,Did you hangout with moises today  because i saw his status and it said your name?? and if you did  how do you even know him like your in 7th grade for crying out loud???,1
485,do u like kasey conde as a friend?? i hate him,1
486,fuck ur mom pussy,1
487,girl whoes saying its elizabeth coz its who the bitch,1
488,Guess who thisss is?? r I am not fakee AT ALL . ur the fake one. Go find something better to do with yourself.,1
489,have u given any BJ's??,1
490,have you boob fucked?,1
491,hey laura  its mike=0,0
492,hey this is actually Danny Grammes who  is writing shit and putting my name,1
493,hey you horny ;),1
494,hi no offence but i kinda think ur a slut and i dont wanna talk shit but ru be honest,1
495,hop off porch monkey  she mine<333 member this babe it tony your fatherfucker,1
496,hop off porch monkey  she mine<333 member this babe it tony your fatherfucker,1
497,How does tonys mouth taste like ?,1
498,how old r u?? ur soooo cute and cool........NAWTTTTTTTT your a ugly little slut i bett ur gonna have a baby by the time u turn 13 you think its all cute to be on every guy its not everyone just thinks ur annoying!!!!!!! act ur age,1
499,i hate ur mother,1
500,i agreee stop being such a slut and act ur age!,1
501,I don't like you ugly ass hoe. I bet your LESBAIN. You look like it. I bet when you older I'll see you in a anonymous porn ad. BTW I heard you stuff your bra...Hahahhaaaa No boobs!r,1
502,i fucked anthony u dumb hoe bitch and just to tell u im hesica,1
503,i jizz to your pics alllllll the time.r :],1
504,i squirt sperm to your pictures,1
505,i wanna fite u,1
506,i want a blow job,1
507,i would watch out for rachel just sayinnnnn' she is a fake person.....,1
508,If you think i care about what you think of me  then you've highly over estimated my opinion of you! bitch/,1
509,Is it ok if I've jizzed to pics of you before?,1
510,Just admit ur a lesbian drug addict who flirts with guys  it's okay(:,1
511,knock a bitch out and fight,1
512,laura my love dont listen to the pathetic little bitches that wish and hope they were you.you are wonderful and beautiful and smart and all the shit talkers are just little pussys because i bet they would never say that stuff to your face...p.s iloveyou<3,1
513,Leave Kasey alone  she's a hell of a lot nicer than you  so why don't YOU shut yo damn mouf (Yes  i on purposely spelled those word's wrong  no need to correct me),1
514,Lmao laura your pathetic  you mean moises hung out with your sister  and her friends not you cause why would moises want to hangout with a little incoming 8th grader. So stick to your 8th grade friends sweetie. OKay thanks bye (:,1
515,lol  its funnyyy howww its alll pusssys dowwn there .fuck them ,1
516,lol r u a lesbian?real talk.be honest.everyone says it lmaoooo.its ok if u r thats hot,1
517,love you hoee its daniela lenis !:),1
518,no im serious you wear too much makeup you should calm it down,1
519,now you want my last name? i dont think so. i already gave you my name. you dont need to know anything except that you wear WAY to much makeup!,1
520,oh well aren't you just the shiiit for hanging out with older people? get friends your own age  you dumb bitch.,1
521,ok really you put stupid skank  smd  or haha for your comebacks get some new  pussy for fuck ..your just embrassing yourselfr,1
522,people say ur a bitchh i didnt kno u lyk daht  then i saw katryna throo a corndog at ur head lmfaoo u are bitch. was the CORNDOG GOOR FERR UR HAIRR??(: good ferr mah sencve of huemr..lol,1
523,pop off porch monkey  shes mine. i want to fuck her,1
524,r u horny.lol seriously,1
525,Racooonn u shit stayy off maaa shitt please,1
526,really you actually think he would waste his time talking to you his 16 and a sophomore now why would he want to be friends with a 13 year old girl going to 8th grade especially since your one ugly hoe. So next time be careful in what you write,1
527,she opened up her mouth. i want to jerk there ,1
528,soo you thougt i was cute but now you hate me and dont talk to me fuck you,1
529,stop saying you're gonna do something about it if she flirts with guys  because im pretty sure camila and i would whoop your ass if you try touching laura. all of you little girls need to grow the fuck up you'll learn that being a bitch isn't that cool.,1
530,Thanks for your time to bitch I swear I would ughhhh elizabeth u062a rodriguez,1
531,you just TRASH!!,1
532,u can be a bitch sometimes and kinda stuck up and 4 some reason ppl like u...like some1 but im not gonna say theyre name(c***),1
533,u know if u wernt such a whore/bitch people wouldnt be haten on u.so stop calling people fat stop telling them there stupid and stop fucking calling me emo and well all be cool,1
534,u r such a conseded biatch u sure every body likes u u luv puting every body down and u tlk about ppl and when some body else dose it u make dem feel bad get a life,1
535,u think ur hot shit. your a fucking dumb little jit whore who hooks up with everybody. stop trying to grow up so fast your going to 8th haha,1
536,u told austin that u were never alex's friend but then u tell alex the opposite whats going on here? and who are u lying to?,1
537,vvv lmfao VIRGIN. not virginian xD,1
538,when you smile  you look like someone stuck two nuts in your cheeks. freaking chipmunk!!!,1
539,Where's your favorite place to buy clothes?,1
540,u just WHORE,1
541,why are you calling kasey a stupid skank when you dont even know her laura  that is just going to start some shitr,1
542,why are you friends with that hoe ass bitch daniela?,1
543,would u ever give me a blowjob and would u ever drink my sperm becuase i really want you too i wanna have sex with you so much its not even funny how hard i get over u,1
544,Wtf i just saw your pics and moises is in them like wtf since when is he friends with you especially since your in 8th grade like back off and stick to your own friends,1
545,wtf is up wit ur cheeks?? chipmunk much??,1
546,you act way too old for your age like real bitch,1
547,you all seriously need to stop talking to much crap about laura.r she may flirt alot  but not if that guy has a girlfriend.r and she's only talking to one guy  not many.r so you people need to stfu and hop offffff.,1
548,You are a beautiful girl and i dont think that you shoul do all the things that you do cause you are fucking up your life and doing all the bitch things! Sorry to say but you should to better with your life then just throw it away.....,1
549,you can suck the dick bitch dont try me little girl  dany,1
550,you have big feet <3,1
551,You look gay.,1
552,you should fade jhocelyn..,1
553,You're A Porch Monkey,1
554,you're not cool  suck my dick,1
555,your not amazing or GORGEOUS. i dont wanna be like you.<3,1
556,your boyfriend is only ugly ass mexican  like I'll give you props for going out with a junior  but he just flat out ugly so try going for guys your grade or something cause all you have now is a pothead and by the looks of it your heading in the same road,1
557,your in 7th grade. stop trying to grow up so fast  its not cute. you'll grow up at your own pace.,1
558,Your only in middle school  why would going out with 10th 11th high school guys seem like a good idea to you?  or anyone in your grade and age group actually.  it just doesn't make sense how that would even work anyways..,1
559,your so annoying,1
560,YOURR SUCHH A SLUUTTT,1
561,... i c aussies are starting to get smarter now a dayz lmao. she is a whore. her mother is a whore.,1
562,as of this moment...bitch  is showing her boobies,1
563,bastard is term of endearment and its suit best for u,1
564,you filty Crappers .. I was bout to get offline  but remembered I hadn't friggin spammed you today lol .. So  I'm dedicating half an hour  maybe an hour lmbo  to just asking you ish XD .. Sound good XD ?? .. Aiights ;) ..,1
565,damn homie... u know me too well =P,1
566,Did you know I can talk more siht bt u that anyone alive?,1
567,wanna my dick as  breakfast?,1
568,DU U eVA hAd eRotic thoughTs abouT me? DEScIBE ThEm,1
569,Ever jump off a ramp in a car? I have,0
570,fav,0
571,or god damn!,0
572,Has anyone ever told you that you are more full of siht than a Christmas turkey?,1
573,Have you ever heard of a rug? I was just wonder.lol,0
574,hey baby how u been havent see u for a long time =],0
575,hey sugar tits! wanna meet at night? i'll be racing my evo..metallic blue with white stripe on top...i got tinted front windows too. look for me!,1
576,hey u fucking jerk  i fucking hate  you u2665,1
577,How big of a flirt are you?,1
578,how big r ur boobs,1
579,How hard is it to get voted as your best stalker? **takes out pen and paper**,1
580,How many people have you slept with?,1
581,how often do you go out for fuck?,1
582,I bring my itouch as back up,1
583,i didnt workout again today..im just gonna redo the whole weekr,0
584,i hope bunz is ok,0
585,I know  u fuck her ..,1
586,i know exactly where u are...google map...satellite it. i will get u nd fuck u,1
587,i reckon i can beat u in swiming. then i u hv to show ur tits...,1
588,i talked to her this mornin at about 7.30am ,0
589,i wish they all can be australian girls...,0
590,I'm going to poke your eyeballs out .. Do you want to know why ?? .. Too bad  I'm not telling you :P ..,1
591,I've got a whopping great penis  can I put it inside of you?,1
592,If barbie is so popular why do you have to fuck all of her friends?(A taste of your own medicine! >:P),1
593,If I stopped fucking to you would you care?,1
594,If looks could give you aids would you make everybody blind?,1
595,Is your little sister retarted or what?,1
596,length or sideway fuck,1
597, i undastand ur obbsessed for fuck.,1
598,lmao uhh ok but mess up and ull wake up one day with lmafo..,0
599,LMFAO YOU CHANGE YOUR NUMBER AGAIN? SOME JUNGLE LMFAO VOICEMAIL GOES WITH UR NAME WTF wrong IS UP WITH YOUR NAME?,1
600,look at my pussy,1
601,NO! you're the fool ,1
602,no..your tit is the best...,1
603,Oh of course it works on everyone elses end lol,0
604,OH THANK YOU PPL - YES I ALWAYS DID THINK MY COUSIN WAS A WHORE.. NO OFFENSE TO HER.. but thank you for clarifying that. she is easier than a game of XandO's... and yes 479 - as of lastnight is the number.,1
605,ok this comes with a warning label first... my cousin has slept with 479 men - does this make her a whore/slut? is this number alot? would she have been better to get them to pay since she basically gives it away to anyone she meets in a bar?? ur opinion?,1
606,Ouch! O_o You just got buttfucked!,1
607,pardon me  i had the notion that you might be from asian?,0
608,pink wow if its pink,0
609,r Have you ever broken one,0
610,Sick .. fuck of u,1
611,since your an pussie do you fuck heavvy,1
612,so you and mr. big forehead are dating now  huh?,1
613,spamm me! u cunt :),1
614,great time with u gys,0
615,there sweet and delicioso!..i had to climd the tree though..!!!!!!!,0
616,There was this girl who I was kind of 'friends' with  who didn't like Emily so was spreading some rumours about her .. Said she was really a man lmbo .. Anyway  Emily heard that it was this girl  and barged into our class one day .. CONTINUE ..,1
617,to the anon. fuck u filthy anon.....,0
618,watching porn....and going to bed....=) night!,1
619,wears the weirdest/most interesting place a person has actually LICKED you????????,1
620,well  feel free to spam me still.....love u guys talk soon be good and play nicely :),0
621,WELL SINCE YOU DONT WANNA ANSWER YOUR PHONE ILL DROP YOUR CAR OFF THURSDAY SWEET.,0
622,were you ever the people who i would fuck until my ballas fall off,1
623,What is it like to sleepwalk? Do you know what you're doing?,0
624,what u doin...?,0
625,whats one thing you strongly about a male ,0
626,When is the last time you had a full body massage and had fuck?,1
627,where did u come up with the name for him?,0
628,Which is the one song that comes to your mind when you think of me? ,0
629,Why are cats free and dogs cost money?,0
630,why would some one hate u?,1
631,why would some one love u?,0
632,WUT BrA size U's GoT On?,1
633,WuT U FaVEs TyPE aSIaN????????????????????????????????????r,1
634,WUT UP MRS F. WanNA fUk?,1
635,yakka?,0
636,Yea you  FS is fucking retarded >:(,1
637,you call me fuck. fuck ur mom?,1
638,You work in a bank  right ??  ..,0
639,zoomike  zoorissa  zoonata idc.=p,0
640,.. are you gay?,1
641,abcdefghijklmnopqrstuvwxyz,0
642,Answer your questions bitch!! :L,1
643,Are you a homo or bi?,1
644,Aree Youu Gaayy;)x,1
645,Did you know  that i think your gay?,1
646,Did you know that you remind me of an old man?,1
647,Did you know you are a male anagram of hitler?,1
648,Did you know you smell like an old man?,1
649,Fanny or dick?,1
650,Have you ever visited porn website?,1
651,Hey my names harry beaver;) <3,0
652,I think your gay sorry.,1
653,I want your cock in my mouth.,1
654,I wouldn't say being gay was cool :L,1
655,I loveyou:D  suck my malteaser. x,1
656,I sitt truee that you are fuckcing stupid?,1
657,stop acting like you know everything. your fat. get over yourself you mouthy slag :L and no your not better then everyone else! (:,1
658,ur ugly and common,1
659,why are you so gay,1
660,why are you soo dumb :L,1
661,why are you soo fat :L,1
662,why are you soo dumb?,1
663,You HAVE to and MUST answer this! would you rather.. drink 10 year out of date milk or lick a camels foreskin then give matt wilson head. :),1
664,You put them in a circle shaped room and tell them to sit in the corner.,0
665,Your so pretty I just wish you'd gain some self confidence,1
666,Youu need to answer your questions you gay ;),1
667,fuck u bitches,1
668,fuck them hard]=,0
669,all those people are lying you're not cute VV]:,1
670,Am not! You r a hoe  a baybay.,1
671,and who are the hot chix you are talking about? ;),1
672,are u bi,1
673,ass face -_-,1
674,because i dont like to talk with u  much ahahaha,1
675,how it feels BEING* a hoe like u,1
676,dang i'm not rollin thaat kind of cash! but a question  what's something crazy you want to do before you die?,1
677,DID YOU JUST FUCKING SAY MY NAME,1
678,do you think you're some kind of cutie,1
679,do YOU wanna die?,1
680,does your dick have a name? hah,1
681,dont fucking talk to victor!,1
682,Emily must come first in terms of love but you can come first in terms of getting laid,1
683,f u,1
684,filthy mexican,1
685,fool! illll talk to you on myspace.fuck u,1
686,fu,1
687,fuck yo shit homie!,1
688,fuckin hate your ass.,1
689,Go read my formspring.r Ahora!,0
690,go to the movies wif me! DIDNT EVEN SEE YOU AT THE SHOW I WAS SHIRTLESS AND BLOODY,0
691,gooooooooooooooooooooood.,1
692,hahah man gigglez?! i think it was kinda girly,1
693,hehehehe(:,0
694,Hey  suck it hoe.,1
695,HOW WOULD THAT GUY IN THE BACK WITH BLUE KNOW ME I DONT EVEN KNOW HIM,0
696, want fuck. sexin!,1
697,i hate you like hell,1
698,I am NOT a baby  you jerk off!,1
699,I do too know you like that motherfucker.,1
700,i dont care for u,1
701,I know you love people dont lie,0
702,I love  you go away,1
703,I see (:,0
704,I'm only 2 months younger than you.,0
705,i'm not sorry. and i hate you.,1
706,I've been asked that question like 13 times,0
707,If you won a million dollars what would you do with it?,0
708,i hate people like you.,1
709,im okay ,0
710,like who?,0
711,lol :) xxx,0
712,Lololololololol,0
713,massage my back and feed me grapes bitch,1
714,My home page  it's all of your shit.,1
715,nawh man i hate you.,1
716,NIGGERS NIGGERS NIGGERS BALLS BALLS TITTIES DICK SUCKING FAGGOT SHIT NIGGER ASSFUCK TITTIES FUCK u NIGGERS,1
717,u niggers fuck,1
718,No. You bring ME some. I reallly want some.,0
719,nosy people like you!,1
720,not even michaela?,0
721,oh shit  all your questions are back!,0
722,PRANK CALL THIS PERSON nd fuck him. his  NAME IS MELODY,1
723,r u gay?,1
724,RRRRRRAAAAAAAAAAAAAAAAAAAPWEEEEEEEEEEEEE@!!!!!!@..!,0
725,Shatap u son of bitch,1
726,so victor i want to go tree climbing got any tips.. ehhhhhhhhhhhhhhhhhhhhhhhhhhh get it,0
727,Stop stealing my man ):,1
728,sure  i jus got my account back from being hacked and it has a  credit card on it now,0
729,that's much better!,0
730,The beach is fucking shit  you're my daddy  and soccer is for faggots.,1
731,u r like  DOUCHEBAGS,1
732,u gay?,1
733,u gay?,1
734,vv ill kick ur ass,1
735,was it the last one who u where with,0
736,What was the best job you've ever had?,0
737,who asks people if they know me why do i see it all the time who is it that cares,0
738,who do you think is the prettiest junior?,0
739,why dont you tell me you love me when you do me,0
740,XoxoAshleyxo and I are okay now though. No more threats so your back up will not be needed.,1
741,Yeah  and thanks for having my back the next time someone tells me their going to kill me.,0
742,Yeah next time she threatens to kill me  dont stand up for her. i will kill u then =/,1
743,You are such a faggot for going to EDC god damn it. Almost as much of a bitch as Thad  but no where near Zach at least.,1
744,you give me butterflies!r :)r hahha hate you foolio.,1
745,you need a formspring dude..,0
746,You suck dick.,1
747,You suck V4G,1
748,you're a babbyy tiny pussy!,1
749,YOU'RE RETARDED NEVER MIND.,1
750,You're so gay.,1
751,You're supposed to back me up when I threaten to kill someone.,1
752,your picture is damn sexy,1
753,Your picture looks photo shopped. u r not that beauty..,1
754,am i gay,1
755,And you are no virgin!!! LIES LIES!,1
756,are you a virgin?,1
757,Are you gay?,1
758,ASHLEYBBY. Why are you so fantastic? ^.^,0
759,ashleys a nice girl  dont mess with her u  weirdos punk,1
760,but ashley! its Robert. and you know i have cravings to eat your  childrenD:,1
761,can i eat your baby?,1
762,colton wants his blowjob,1
763,did u play gabe?,0
764,do u like sex,1
765,do you like pussy?,1
766,Does Armpit Sex turn you on?,1
767,Get on yo knees for meh? :3,1
768,give me head,1
769,hey  maybe try asking a question next time? like  will you jizz in my pants? (;0,1
770,HEY BETCH. wanna not be a lil slut?! please oh lordy STOP CUTTIN EYES AT ME!r cus she want me dead (;0,1
771,Hi my name is Andrew and I want to fuck your brains out you hoe,1
772,how many babies have you ate?,1
773,how many dicks fit in your vagina?,1
774,I TOLD YOU THAT FORMSPRING STUFF WASNT ME!!!!!!! >.<,0
775,i want you dead.,1
776,If an energetic midget sloth decided to steal your ipod and pee on it while you were sleeping  what would you do when you woke up?,1
777,im the 200th question bitchs! fuck u bitch  xDD,1
778,Is it true you kissed that ugly Cody kid!?!,1
779,u r jerrrk.,1
780,lalalalaaaa this is not a question! :O,0
781,u likee dick ?,1
782,mr. getonyournees person... you are scary nd stupidD:,1
783,oh so i'm not cool enough to be on your top ten?,0
784,On a 1 to 10 how mad would you be at me if I were to rape you?,1
785,u peed on pant!,1
786,ROFL you fail like bitch! :),1
787,Slut like u r *insert winky face here*,1
788,So would you rather fuck/suck/touch my dick? if its all of the above lets go out,1
789,What lip did u get pierced O.o?? ;),0
790,what would you after bj?? :D,1
791,What would you do if i had sex with your leg?,1
792,When are we gonna go out for fuck! =[,1
793,When was the last time you maturbated?,1
794,why so mean to ree? coz u re mean,1
795,Why would you hurt him like that? That's uncool.,1
796,will you bj me now?,1
797,wtf  you got 2 b the freakiest bitch.,1
798,y is the sky blue?,0
799,You remind me of dick,1
800,you think someone should have to compete for the girl they love,0
801,your a virgin ,1
802,caan you go get me some pussy or u wanna give urs?,1
803,Do you want me to give bj ????!?!?!?!?!,1
804,Eat my ass ;),1
805,how big is your penis? -@rigelATTEMPTS n__n,1
806,i have to hurry up and finish so i can continue. >.<,0
807,I'm finished. so whats your favourite car?,0
808,i hate u? :3,1
809,i love u. :3,0
810,i love you so much :),0
811,LETS HAVE SEX  /LOL JKS YOU HAVE BLUE WFFLE. :3,1
812,okay the raping u will begin. in 3..2...1,1
813,Sex sex sex spam spam spam fuck bitch,1
814,suck me fucker. hahahahahahhahha yeah yeah like that yeah OH OH OH SIMOA! -@rigelATTEMPTS,1
815,You an your sexy cookie  are at the top of the food cahin babehh . want ur pussy>:D,1
816,YOUR BACKGROUND born CREEPS #just saying,1
817,heeyyyyyyy my honey will u b my sexy bitch valentine??,1
818,I think that its the Nick Young saying all that stupid shiz,1
819,A jaffa cake is NOT a biscuit it is a cake.,0
820,Are you saying that Rosie dont knows what her sexuality is?! oh god.,1
821,As long as you dont get chlamydia LOL,1
822,DEFINE YOUR SEXUALITY?,1
823,did you just fart ? beacause you blew me away ;),1
824,Did you watch Gok Fashion Fix this lovely sunday morning ? i did  personally i thought it was shit.,0
825,do you own a vibrating toy ;),1
826,Do you stroke your pussyr r CAT?,1
827,DO YOU WANT pussy?!,1
828,don't lie. u r a stupid.,1
829,Ever had a 3way?,1
830,ever seen the movie imagine me and you? i thought it was adorable!,0
831,First thing you will save in a fire?,0
832,Have you ever stolen anything from a store or from someone?,1
833,hugs?,0
834,i asked that question :D u have to guess ! ..IM TESTING YOU!!,0
835,i just got home from school and the gym... i kick ass... ;-),0
836,i say 'love u   you say? ;-),0
837,I say 'Sex with u'  you say? ;-),1
838,I still wonder.,0
839,i would eat a whole packet of cakes yes  i ate a big tub of ice cream didnt i? :),0
840,If Jimmy cracks corn and no one cares  why is there a song about him?,0
841,IT MEANS NOTHING TO ME ANYMORE BECAUSE ,0
842,mint gum or bubble gum?,0
843,OMG YOU WAS ON SKINS REEEETS? I MEAN I ACTUALLY SAW YOU JIZZZ MUCH.,1
844,YOU AGREE YES?,0
845,u walking around  for whores. LOL,1
846,TELL LOUISE TO STOP MAKING OUT LIKE IT'S ME!!!!,1
847,Thanks alot  but the person would NEVERRRR fall for me there is no chance ,0
848,Think about . What does it sound like to you?,0
849,Wanna Fuck?,1
850,what amazes you?,0
851,What do you think of Canada  and it's canadians? ;),0
852,what if i told you i was a spy? ;-),0
853,which u chose  being bullied or being ignored? :-(,1
854,Would you ever meet someone from online just for sex?,1
855,Would you rather spend life in prison or be executed?,1
856,yo banging that chick tonight?,1
857,your a dirty bitch int ya?,1
858,your questions seem to be getting more and more perverted. seriously - secondhand embarassment much D: hehe,1
859,bitchh you cuuldnt kill a catepilar  lmfao.. but i`ll make sure too send you a pic of my new tat ahaha!,1
860,What are ur fantisiess,0
861,WOULD U EVA GIV HEAD,1
862,WTF U WAZ just single who yu fucking now?,1
863,u bitch fuck u lol VVV,1
864,AJULA NO DONT FUKIN TALK To HERRR. she is a slut! VVV,1
865,And still today you ain do shit....SAD v stfu Rachel yo ass look like a damn piqq...lala your a dissappointment...yo sister  gonna get playd by that dudes nabrente...just saying =)),1
866,aujala is the bigest piece of shit evaaa,1
867,Bet yu wont touch her hoe cus if you do you got it coming her way bitch,1
868,Bitchhh this ain no trickk jus know tht wood be yo momma ha momma and dare you to step to her agen betchu you won't win TRANNY,1
869,Bryans actually really ugly lol but w/e everyone has there own taste,1
870,bryans really ugly lmao ewwwww,1
871,bryans uglyyy!! dum hoe 5/19/10 aha yu guys make a ugly couple!,1
872,cj is gay,1
873,Hahaha   whyy yu callin him fag ? though he is a fag . vvv,1
874,Hey aujala i want ur tits,1
875,heyy gorgeous its jessicaaa dont bother about them i still love you ;],0
876,how does it feel to have a hoe for a sister?,1
877,I fucking lovee yur sexy ass (:,1
878,i herd u fuked karone in 6 grade,1
879,i love my sister aujalaaaaa:) want to fuck her,1
880,i love you sisssssy:),0
881,i neva asked tew b ur friend betch! stopp formspringin mi pussi ahh hoe bring ur stoopid ass self stoopid ass dramma sumwhere else. KAYKAY. stoopid ugly lukin trick!,1
882,if he breaks yur heart ; i break his dickk (:,1
883,it's not even a big deal who this is and y would u be scared to say the names of the ppl u fuck.,1
884,Lalaa you talk so much shit on here and you still have not stepped to amber like you said you were you fucking transvestite MAN up,1
885,LOL I danced wit him afta yu left las nite...and I heard tht some grl was dancn wiff jeffery and he got wet AND had a boner,1
886,fuck ur dad,1
887,Oh bitch you can't hide cus I'm gonna find you and we gon have a problem hoe,1
888,oh yeah and btw,0
889,omar u ugly,1
890,peyton (ugly wite skranyy hoeish  stank  wannabe kassie) is fake azz hell.,1
891,she ot me right by her side bitch! an at least i can show my dam info pussyyy ass V,1
892,STFU dumm bitches . Hopp off her shitt . Her  Bryann aree perfectooo for eachother lmfao . lovee yuu sexy mama <3,1
893,stupid bitchhh,1
894,U A HOE.!,1
895,U guys need are gay hopp off matts dick :),1
896,u so ugliii ew hoe ghet a lyfe ,1
897,um da gurl dat hangs wit evelyn her name is katiana..cause i alwayz be hearing u talk about her do u like her and want to fuck her?,1
898,ur mad ugly.,1
899,vvv eww dont talk to morgann is my  bitch:],1
900,why r u suchho a hoe.?,1
901,wow you guys are soo annyoing hope the fuckk offf:),1
902,u  need to stop postinq shit anonymously seriously,1
903,y does u talk shit about peyton?,1
904,Yeh you she was like drama not healthy and then you said somethn I was nasty,1
905,yoo im telling yall dnt mess wit my love. I will kick your tiny ass.!,1
906, you can your a lil stiiick bitch. STOP TRYING TO ACT HARD,1
907,You're Lame As Fuck .,1
908,your LAME ass . oviously i love you moree. (;0,1
909,yous a bitch nd hoe !,1
910,IDGAF LAME BITCH<br>,1
911,(; hehe that's funny I want to fuck your tight ass,1
912,are you gay?,1
913,are you gay?,1
914,are yuu a vergin,1
915,Areee you a boy   Are you gay   Are you a bieleber :l,1
916,ask meeee! I will hive u bj then:P,1
917,but i want your hairy ass then after i lick it i can fuck it you know you want it,1
918,but if i did that youd know it was me..,1
919,Can I have a Picture of your Penis? :D,1
920,Do you finger your tight ass?,1
921,Do you think that if you saw into your future it you stronger  or have no effect on you,0
922,eat me out .suck me out . fuck me our u hard fucker. x],1
923,fuck me u horny? ;D,1
924,i will whip your ass. lmfaoo.,1
925,heeeeeey! anyways  can u ask me 5 questions please then i'll ask u 5? ;D <3,0
926,hey do you have a hairy ass i would love to put my tounge deep in you,1
927,Hey smexy wanna fuck?? How bout we do some 69 all night long? Sounds good k I'll be in your bed waiting sexy bitch! ;D,1
928,i am done asking you fucking nasty  questions. xD rofl.,1
929,i dont think your a virgin  btw. xD,1
930,I HATE YOU 2,1
931,I still wanna F*ck them up!!,1
932,i wanna take a ride on your disco stick (;0,1
933,i will suck your dick for free. :PP,1
934,If I turn around and Bend over  will you welcome your little dick inside ;D,1
935,If someone said to you  i can kill you or I can can kill anyone else in the world in your place? What awnser would you give them ?,0
936,If you had the choice would you like to be human  or a demi god ?,0
937,im leaving soon to go to a show but when i come do u wanna?,0
938,okay okay :)r uhhh... do you like girls for fuck?,1
939,r u GAY ?,1
940,rofl xD r then let me suck it ?,1
941,she sucks. she can go fuck herself. xD,1
942,so are you going to tell her that u want her pussy,1
943,Soooo Maurice ;))) boom boom fuck in my humble abode or ur house???;),1
944,Sureeeeeeeee. I'll come now. =P  get ready. ahahha ;D   jk:P,0
945,what does a banana remind you of?,0
946,yeah sorry  i was in a wierd mood then  haha =P oooh  your bio  says you love dirty questions  hmmm ok then  heres one You ever fucked a guy ?? ='),1
947,you are the most ugliest plague. :P,1
948,You are virgin! Right?,1
949,you know you would like having your hairy ass licked bet you even got hard reading about it so how about it is it hairy,1
950,your wrong about my age but i will give you 50 minutes of hard sex me in your ass dont lie you know you want it,1
951,I was told by a classmate yesterday that I wont succeed because I only attend night school. Apparently  my CNA certifaction is bullshit. xD Your thoughts? (Long answers please),0
952,A good friend of yours recently got with a controlling BF/GF. Their BF/GF doesn't want them spending time with you and forbids them to see or talk to you  and your friend agrees to not talk to you. How do you react? What do you do? D:,0
953,After today  I will NO longer be doing ANY profile pic reading  so don't even bother asking.,0
954,ahh fair enough :( what time isit there now then ??,0
955,are any of your parents addicts? of what?,1
956,Are you a bisexy?,1
957,Are you good at impersonating people? I personally suck but i think u do it. x),1
958,Circumcised or uncircumcised.u want to suck? ,1
959,could you love someone that had opposite opinions from you?,0
960,Describe yourself in less than eight words.,0
961,Do u like it when girls play w/ ur balls ?,1
962,Do u likee hot pussy or wet pussy? Ha,1
963,Do you ever have those moments in school/at work where you are so sleepy you canu2019t keep your eyes open and as much as you try they keep fluttering closed? If so  how do you manage to keep yourself awake?,0
964,Do you have a favorite word you always seem to use? How often do you use it?,0
965,Do you know how many people your mom has slept with?,1
966,do you like having sex under or over the sheets?,1
967,do you like having sex w/ the lights on or off?,1
968,do you like oral sex or sex better?,1
969,DO YOU LIKE TIGHT PUSSSSSAYYYYS,1
970,Do you think it is acceptable behavior if you are in a serious relationship to comment on pictures of the opposite sex on Facebook/MySpace and tell them how hot they look? Why or why not?,0
971,Do you watch porn? Do you type in a certain thing in the search bar when you are looking at porn? What do you type in?,1
972,Does anyone know this buisness with the pope ? Apparently he was begging for forgiveness lol.. what did he do ?,0
973,Does berlesque dancing interest you more than stripping does?,1
974,Don't fuck me.,1
975,done  if you receive this im still following you (:,0
976,have you ever hooked up with the same sex? how far did you go with them? would you do it again?,1
977,have you ever thought about the reason your living? i mean  i have  but i never know..its kinda confusing if you think about it.,0
978,have you/your gf ever had a pregnancy scare after fuck? what was the first thing that came to your mind?,1
979,Havee u ever wantedd to start a bandd ?,0
980,Hey! I get way TOO many questions a day. If you spam more than 5 questions a day  please remove me from your list  but I will still spam you  if you want. If you don't want me spamming you  just tell me nicely in my inbox. Thanks.,0
981,how big is ur dick ?,1
982,how big is you dick {if you are a dude}? bra size {if you are a chick},1
983,How can you be a dirty slut? ):,1
984,how old was u wen u 1st had sex?,1
985,how would you rate your sex skills on a scale of 1-10?,1
986,i have a headache?,0
987,i just had a headache oes that ever happen to you or am i freak? [answer nicely to this one yeah] :D,0
988,I want to fuck you. Are you a blondie?,1
989,If you could be best friends with any hollywood starlet  who would it be and why?,0
990,If you're in a really heated make-out session with a crush/BF/GF and right before you have sex [if you're a virgin imagine you're ready to do it] you both suddenly realize you're out of condoms  do you go through with the sex? Why or why not?,1
991,u r nasty bitch  ,1
992,Imagine you are walking through a forest  you see a stream and a fallen tree  so you sit on the tree and look out at the stream. What season did you imagine it was? Did you imagine any animals? Can you describe what you saw?,0
993,is it better that your bf/gf care too much or not at all?,1
994,Like what do you want to be known for?,0
995,LOL ur a Pedophile ! ! ur as old as my Step Dad,1
996,my tummy is telling me its hungry.... what should i eat? [i know it sounds like im always hungry  but i do rarely eat] :D,0
997,okay  i added some people who want would love to fuck u,1
998,r u a boy or girl? u look bitch,1
999,r u a drty slut?,1
1000,R U a prostitute ? or did U buy one ?,1
1001,Real outlaw? Nice(: Bad?,0
1002,Who's team are you on? ;D,0
1003,Soo ur bi o homo ?,1
1004,Spam me please?! (: will return the favor with the same amount you ask me!,0
1005,spam/.,0
1006,Wasssssup I'm cooo a.f ask me shit sometime (:,1
1007,We have all had teachers in our life. What is the weirdest thing you have ever seen a teacher do? You can share a story or just leave a one word reply like most people do lmao.,0
1008,what do you think the most common sexual fetish it?,1
1009,what do you think the weirdest sexual fetish it?,1
1010,what is a sex toy that you want to try?,1
1011,whatg do u think to fakes?,1
1012,Whats the nicest thing youve done for a female??,0
1013,when ?,0
1014,When caught early  the embryo isn't much different than a guy blowing his load   killing all those sperm that could have been innocent babies. It's not a life  embryos are not human,0
1015,When u look @ mee whats the firsst thing that comess to mindd?,0
1016,who can you talk to about anything? like sex/ or other personal topics that you cant with others?,0
1017,Why can't we poop and pee at the same time?,0
1018,Why do guys tend to ask u for dirty questions? haha,1
1019,Would you rather be a giant or a tiny human being? Why?,0
1020,Would you say that you are a ugly person?,0
1021,would your rather cheat or be cheated on?,0
1022,you might think im evil but u r the evil,1
1023,You're a bushwhacking  alchy piece of shit scrub.,1
1024,Your 44 years old? :O! Dumbass  Pedifile.:D,1
1025,if i told u den it would make it all the less fun<br>,0
